word,n,Romance
love,262,1
girl,86,1
time,86,0
yeah,66,0
baby,60,1
home,52,0
day,51,0
feel,51,1
tit,48,1
night,46,0
mind,44,0
gonna,42,0
mine,41,1
hey,36,0
eyes,33,0
leave,33,0
world,33,0
boy,30,1
hold,30,1
cry,29,1
hear,29,0
people,29,0
TRUE,29,0
head,28,0
life,28,0
tonight,28,0
round,27,0
sun,27,0
waiting,27,0
dance,26,1
heart,26,1
lonely,25,0
told,25,0
la,24,0
blue,23,0
roll,23,0
feeling,22,1
money,22,0
sing,22,0
ah,21,0
play,21,0
till,21,0
happy,20,1
honey,20,1
run,20,0
hand,19,0
hide,19,0
listen,18,0
morning,18,0
sad,18,0
standing,18,0
wrong,18,0
break,17,0
free,17,0
friend,17,1
word,17,0
call,16,0
door,16,0
fine,16,0
words,16,0
darling,15,1
kiss,15,1
ooh,15,0
rain,15,0
stay,15,0
treat,15,0
buy,14,0
care,14,1
coming,14,0
dead,14,0
hard,14,0
lost,14,0
loving,14,1
makes,14,0
remember,14,0
song,14,0
stop,14,0
sweet,14,1
tight,14,0
understand,14,0
bye,13,0
change,13,0
changed,13,0
easy,13,0
found,13,0
late,13,0
mother,13,0
pretty,13,1
rock,13,0
sitting,13,0
sky,13,0
start,13,0
walk,13,0
bad,12,0
dream,12,0
fool,12,0
forever,12,0
lose,12,0
lot,12,0
miss,12,0
smile,12,1
tears,12,0
band,11,0
fun,11,0
glad,11,0
left,11,0
living,11,0
looked,11,0
music,11,0
road,11,0
rocky,11,0
talk,11,0
thinking,11,0
wait,11,0
alright,10,0
bag,10,0
hair,10,0
hate,10,0
heard,10,0
hope,10,0
inside,10,0
loves,10,1
rocking,10,0
wanna,10,0
yellow,10,0
bed,9,0
black,9,0
born,9,0
children,9,0
cried,9,0
dark,9,0
die,9,0
doo,9,0
eye,9,0
friends,9,1
hurt,9,0
laugh,9,0
letter,9,0
lover,9,1
mystery,9,0
sit,9,0
someday,9,0
stand,9,0
talking,9,0
telling,9,0
whoa,9,0
woo,9,0
beneath,8,0
birthday,8,0
boys,8,0
feet,8,0
gotta,8,0
hands,8,0
julia,8,0
leaving,8,0
lie,8,0
light,8,0
loved,8,1
mi,8,0
misery,8,0
mister,8,0
real,8,0
ring,8,1
sadie,8,0
send,8,0
sexy,8,1
sound,8,0
tour,8,0
twist,8,0
admit,7,0
answer,7,0
belong,7,0
bom,7,0
chance,7,0
child,7,0
clothes,7,0
days,7,0
dirty,7,0
driving,7,0
everybody's,7,0
fell,7,0
fill,7,0
fly,7,0
garden,7,0
girls,7,1
green,7,0
ha,7,0
half,7,0
hearts,7,1
lips,7,1
mad,7,0
meet,7,0
news,7,0
pain,7,0
past,7,0
pay,7,0
phone,7,0
reason,7,0
sea,7,0
shake,7,0
shines,7,0
times,7,0
woman,7,1
writer,7,0
yesterday,7,0
ago,6,0
anymore,6,0
bird,6,0
blues,6,0
bright,6,0
brown,6,0
car,6,0
carry,6,0
chains,6,0
close,6,0
da,6,0
dear,6,0
dog,6,0
feels,6,0
goodbye,6,0
grow,6,0
holding,6,0
jude,6,0
king,6,0
knee,6,0
learn,6,0
lies,6,0
lives,6,0
lizzy,6,0
lovely,6,0
lucky,6,0
matter,6,0
met,6,0
molly,6,0
pick,6,0
pie,6,0
pretend,6,0
rita,6,0
running,6,0
save,6,0
shine,6,0
singing,6,0
sleep,6,0
sleeping,6,0
submarine,6,0
takes,6,0
ten,6,0
tired,6,0
tomorrow,6,0
tree,6,0
trust,6,0
wife,6,1
wind,6,0
window,6,0
act,5,0
baby's,5,0
begins,5,0
bill,5,0
breaks,5,0
calls,5,0
caught,5,0
cold,5,0
cool,5,0
crying,5,0
desmond,5,0
diamond,5,0
dig,5,0
dizzy,5,0
drag,5,0
dreams,5,0
earth,5,0
fast,5,0
father,5,0
follow,5,0
forget,5,0
gun,5,0
guy,5,0
harm,5,0
heavy,5,0
held,5,0
hit,5,0
hole,5,0
joy,5,0
knowing,5,0
lane,5,0
lead,5,0
lied,5,0
live,5,0
low,5,0
lying,5,0
middle,5,0
moment,5,0
paper,5,0
paperback,5,0
penny,5,0
pictures,5,0
piggies,5,0
postman,5,0
pride,5,0
queen,5,0
read,5,0
realise,5,0
red,5,0
rolling,5,0
school,5,0
sgt,5,0
shining,5,0
shoot,5,0
shoulder,5,0
shout,5,0
silver,5,0
star,5,0
street,5,0
sunday,5,0
taking,5,0
tea,5,0
tells,5,0
top,5,0
touch,5,0
town,5,0
universe,5,0
walrus,5,0
waves,5,0
wear,5,0
week,5,0
win,5,0
wine,5,0
write,5,0
ahead,4,0
aye,4,0
babe,4,1
bang,4,0
beautiful,4,0
begin,4,0
bended,4,0
bigger,4,0
blind,4,0
boat,4,0
bompa,4,0
book,4,0
bring,4,0
brings,4,0
broken,4,0
brother,4,0
called,4,0
clouds,4,0
club,4,0
crossed,4,0
cup,4,0
died,4,0
dirt,4,0
dressed,4,0
dying,4,0
ears,4,0
egg,4,0
em,4,0
english,4,0
fall,4,0
fever,4,0
finger,4,0
frère,4,0
future,4,0
game,4,0
goo,4,0
ground,4,0
hill,4,0
hoping,4,0
jacques,4,0
key,4,0
knees,4,0
lady,4,1
line,4,0
lovin,4,1
madonna,4,0
magical,4,0
mary,4,0
maxwell,4,0
michelle,4,0
miles,4,0
million,4,0
minute,4,0
move,4,0
nice,4,0
o'clock,4,0
ob,4,0
octopus's,4,0
painting,4,0
party,4,0
pass,4,0
peace,4,0
pepper's,4,0
playing,4,0
pulled,4,0
realized,4,0
reply,4,0
rhythm,4,0
ride,4,0
rings,4,0
sand,4,0
set,4,0
somethin,4,0
soul,4,0
spend,4,0
stream,4,0
suddenly,4,0
surprise,4,0
tax,4,0
tee,4,0
thrill,4,0
ticket,4,0
walked,4,0
wall,4,0
watch,4,0
wearing,4,0
weight,4,0
wondering,4,0
writing,4,0
banker,3,0
barber,3,0
beg,3,0
beginning,3,0
believing,3,0
birds,3,0
blackbird,3,0
blows,3,0
bop,3,0
bout,3,0
built,3,0
buys,3,0
captain,3,0
catch,3,0
cha,3,0
changing,3,0
chu,3,0
clean,3,0
closer,3,0
cloud,3,0
clown,3,0
count,3,0
crazy,3,0
crowd,3,0
dancer,3,0
deep,3,0
deserve,3,0
di,3,0
drink,3,0
drive,3,0
eat,3,0
evening,3,0
fields,3,0
filling,3,0
fire,3,0
fix,3,0
flat,3,0
flies,3,0
float,3,0
flowers,3,0
flows,3,0
fooling,3,0
frightened,3,0
funny,3,0
giving,3,0
guaranteed,3,0
guess,3,0
hang,3,0
happiness,3,0
holes,3,0
homeward,3,0
hot,3,0
insane,3,0
job,3,0
john,3,0
jojo,3,0
keeping,3,0
kite,3,0
knock,3,0
lazy,3,0
lived,3,0
local,3,0
locked,3,0
magic,3,0
mama,3,0
matches,3,0
meant,3,0
measured,3,0
meeting,3,0
missing,3,0
mistake,3,0
monday,3,0
monsieur,3,0
moon,3,0
moonlight,3,0
movies,3,0
nineteen,3,0
notice,3,0
ocean,3,0
picks,3,0
plays,3,0
poor,3,0
promise,3,0
raccoon,3,0
rains,3,0
ran,3,0
ready,3,0
realize,3,0
reel,3,0
rent,3,0
return,3,0
ringing,3,0
row,3,0
sail,3,0
scene,3,0
sha,3,0
shade,3,0
short,3,0
shuop,3,0
shy,3,0
sigh,3,0
sight,3,0
silly,3,0
sir,3,0
skies,3,0
slip,3,0
slowly,3,0
son,3,0
special,3,0
spinning,3,0
spoil,3,0
spread,3,0
stare,3,0
steam,3,0
step,3,0
stepping,3,0
strawberry,3,0
strong,3,0
style,3,0
summer,3,0
sunny,3,0
sunshine,3,0
table,3,0
tear,3,0
there'll,3,0
til,3,0
travelling,3,0
trip,3,0
uncle,3,0
unkind,3,0
wake,3,0
wandering,3,0
warm,3,0
watching,3,0
whisper,3,0
white,3,0
winding,3,0
won,3,0
worry,3,0
worse,3,0
zoo,3,0
17,2,0
909,2,0
aches,2,0
affection,2,0
agree,2,0
anna,2,0
apologize,2,0
arise,2,0
arriving,2,0
asleep,2,0
aunt,2,0
awoke,2,0
bath,2,0
beat,2,0
beatles,2,0
begged,2,0
begging,2,0
belle,2,0
bet,2,0
bien,2,0
bit,2,0
bla,2,0
blame,2,0
blew,2,0
books,2,0
boom,2,0
bottom,2,0
bought,2,0
bride,2,0
bridge,2,0
broke,2,0
bulldog,2,0
bungalow,2,0
cable,2,0
cake,2,0
card,2,0
carrying,2,0
celebrate,2,0
chair,2,0
chairman,2,0
cheat,2,0
checked,2,0
chip,2,0
chords,2,0
church,2,0
city,2,0
clang,2,0
closed,2,0
clue,2,0
clutching,2,0
color,2,0
comfort,2,0
compare,2,0
complain,2,0
constitution,2,0
contribution,2,0
corner,2,0
couple,2,0
cut,2,0
danced,2,1
dates,2,0
day's,2,0
death,2,0
deeper,2,0
destruction,2,0
diddle,2,0
difference,2,0
dime,2,0
dinner,2,0
disagree,2,0
disappear,2,0
discovered,2,0
doc,2,0
doctor,2,0
doubt,2,0
drinking,2,0
driver,2,0
drop,2,0
ear,2,0
ensemble,2,0
eternally,2,0
everyday,2,0
everyone's,2,0
everything's,2,0
evolution,2,0
fair,2,0
fallin,2,0
feed,2,0
feelings,2,0
fifty,2,0
filled,2,0
film,2,0
finally,2,0
fireman,2,0
fixing,2,0
floating,2,0
flowing,2,0
fold,2,0
folks,2,0
foot,2,0
footsteps,2,0
friday,2,0
front,2,0
frown,2,0
fuse,2,0
g'joob,2,0
gently,2,0
gimme,2,0
glass,2,0
glimpse,2,0
goin,2,0
golden,2,0
grass,2,0
grin,2,0
guitar,2,0
haha,2,0
hammer,2,0
happen,2,0
happened,2,0
heart's,2,1
heaven,2,0
hendersons,2,0
ho,2,0
hollywood,2,0
horse,2,0
hour,2,0
house,2,0
hug,2,1
hung,2,0
hurry,2,0
ice,2,0
imagine,2,0
imitate,2,0
institution,2,0
introduce,2,0
jealous,2,0
joke,2,0
joker,2,0
jones,2,0
ju,2,0
judge,2,0
jukebox,2,0
kaleidoscope,2,0
kill,2,0
kitchen,2,0
land,2,0
leads,2,0
learned,2,0
learns,2,0
lend,2,0
letters,2,0
lifetime,2,0
lift,2,0
lights,2,0
listening,2,0
loretta,2,0
lorry,2,0
loud,2,0
lovers,2,1
lucy,2,0
lullaby,2,0
ma,2,0
mac,2,0
mae,2,0
maggie,2,0
maid,2,0
mail,2,0
manage,2,0
mao,2,0
market,2,0
marry,2,0
matchbox,2,0
maxwell's,2,0
mckenzie,2,0
meaning,2,0
means,2,0
memories,2,0
mending,2,0
meter,2,0
mind's,2,0
minds,2,0
missed,2,0
mm,2,0
moan,2,0
monkey,2,0
mother's,2,0
moving,2,0
named,2,0
national,2,0
naughty,2,0
nerve,2,0
newspaper,2,0
nights,2,0
northern,2,0
note,2,0
noticed,2,0
oa,2,0
oooh,2,0
overnight,2,0
pam,2,0
paris,2,0
park,2,0
peasant,2,0
penetrate,2,0
perfectly,2,0
piano,2,0
picture,2,0
pies,2,0
piggy,2,0
pigs,2,0
plan,2,0
plane,2,0
pleas,2,0
pleasure,2,0
policeman,2,0
polythene,2,0
pouring,2,0
pray,2,0
production,2,0
prove,2,0
putting,2,0
quit,2,0
radiate,2,0
regret,2,0
rest,2,0
returning,2,0
revolution,2,0
riding,2,0
rise,2,0
rival,2,0
robbing,2,0
roller,2,0
romance,2,1
rules,2,0
sack,2,0
safe,2,0
sailed,2,0
sally,2,0
satisfied,2,0
saturday,2,0
saved,2,0
saving,2,0
savoy,2,0
screen,2,0
searching,2,0
secret,2,0
sending,2,0
sermon,2,0
share,2,0
shaves,2,0
shirts,2,0
shop,2,0
shore,2,0
shot,2,0
sign,2,0
sin,2,0
singer,2,0
single,2,0
sister,2,0
sittin,2,0
skin,2,0
sleeps,2,0
slow,2,0
smiles,2,0
socks,2,0
solution,2,0
songs,2,0
sorrow,2,0
south,2,0
speak,2,0
speaking,2,0
stairs,2,0
stands,2,0
stars,2,0
started,2,0
station,2,0
steady,2,0
stops,2,0
story,2,0
strange,2,0
stroll,2,0
stupid,2,0
suicidal,2,0
sunday's,2,0
sweeter,2,0
syndicate,2,0
tall,2,0
tangerine,2,0
taste,2,0
taught,2,0
taxman,2,0
teacher,2,0
tearin,2,0
telephone,2,0
tenderly,2,0
thick,2,0
thou,2,0
thousand,2,0
tide,2,0
tides,2,0
tied,2,0
tiger,2,0
toe,2,0
train,2,0
treating,2,0
très,2,0
true'cause,2,0
truffle,2,0
truth,2,0
tuesday,2,0
tuesday's,2,0
tune,2,0
twenty,2,0
u.s.s.r,2,0
understands,2,0
understood,2,0
unfair,2,0
upset,2,0
vain,2,0
view,2,0
villain,2,0
voices,2,0
waits,2,0
walking,2,0
wasting,2,0
watchin,2,0
wears,2,0
wednesday,2,0
weeps,2,0
windy,2,0
wink,2,0
wishing,2,0
woke,2,0
wonderful,2,0
wonders,2,0
woof,2,0
wore,2,0
worm,2,0
worth,2,0
31,1,0
3he,1,0
"4,000",1,0
50,1,0
a'moving,1,0
a'ticking,1,0
aaah,1,0
aboard,1,0
accidents,1,0
acorns,1,0
acquainted,1,0
acts,1,0
advice,1,0
afraid,1,0
afternoon,1,0
age,1,0
ahh,1,0
air,1,0
albert,1,0
alerted,1,0
allan,1,0
alley,1,0
aloud,1,0
american,1,0
amsterdam,1,0
angel,1,0
angry,1,0
annoyed,1,0
anybody's,1,0
anytime,1,0
apologise,1,0
appears,1,0
apple,1,0
appointment,1,0
arizona,1,0
arm,1,0
armchair,1,0
arms,1,0
army,1,0
arrive,1,0
arrives,1,0
arthritis,1,0
assure,1,0
assured,1,0
ate,1,0
atlantic,1,0
attractively,1,0
attracts,1,0
audience,1,0
avoid,1,0
await,1,0
aware,1,0
awoken,1,0
backdoor,1,0
bacon,1,0
badly,1,0
badness,1,0
bags,1,0
balalaikas,1,0
banks,1,0
barrow,1,0
based,1,0
bathroom,1,0
bbcb.b,1,0
beach,1,0
beam,1,0
beating,1,0
beauty,1,0
bedroom,1,0
beds,1,0
bee,1,0
bees,1,0
beethoven,1,0
behave,1,0
bells,1,0
bellyful,1,0
belonged,1,0
benefit,1,0
bent,1,0
bible,1,0
biding,1,0
biggest,1,0
bills,1,0
billy,1,0
bishopsgate,1,0
bits,1,0
blackburn,1,0
blindly,1,0
blink,1,0
blond,1,0
bloody,1,0
blow,1,0
blowing,1,0
boac,1,0
boatswain,1,0
bob,1,0
body,1,0
bones,1,0
booked,1,0
bootlace,1,0
boots,1,0
bother,1,0
bottle,1,0
bound,1,0
bounder,1,0
box,1,0
boyfriend,1,0
brah,1,0
brain,1,0
brand,1,0
breakfast,1,0
breakin,1,0
breast,1,0
brew,1,0
bringing,1,0
brokenhearted,1,0
bullet,1,0
bullfrog,1,0
bundle,1,0
buried,1,0
burning,1,0
burns,1,0
burst,1,0
bury,1,0
bus,1,0
busby,1,0
business,1,0
busy,1,0
butterflies,1,0
california,1,0
callin,1,0
canary,1,0
cap,1,0
carat,1,0
caressing,1,0
carve,1,0
cast,1,0
cat,1,0
cave,1,0
ceiling,1,0
celebrated,1,0
celebrations,1,0
cellophane,1,0
chain,1,0
challenge,1,0
chances,1,0
charity,1,0
chasing,1,0
cherry,1,0
chewing,1,0
children's,1,0
chocolate,1,0
choking,1,0
choose,1,0
chop,1,0
christ,1,0
chuck,1,0
cia,1,0
cigarette,1,0
class,1,0
climb,1,0
climbing,1,0
clinging,1,0
clock,1,0
closing,1,0
cloudy,1,0
clowns,1,0
clubs,1,0
coaster,1,0
coat,1,0
coca,1,0
cocker,1,0
coconut,1,0
coffee,1,0
cola,1,0
colder,1,0
collapsed,1,0
college,1,0
colorful,1,0
colour,1,0
comb,1,0
command,1,0
compares,1,0
complaining,1,0
comrade,1,0
conceive,1,0
confusing,1,0
congo,1,0
controlled,1,0
conversation,1,0
cooking,1,0
coral,1,0
cornflake,1,0
corporation,1,0
correct,1,0
cottage,1,0
country,1,0
cows,1,0
crabalocker,1,0
cracker,1,0
cracks,1,0
cranberry,1,0
crash,1,0
crawled,1,0
crawling,1,0
cream,1,0
creeping,1,0
creeps,1,0
creme,1,0
cries,1,0
crime,1,0
crucify,1,0
cruel,1,0
curse,1,0
custard,1,0
customer,1,0
cuts,1,0
daddy,1,0
daddy's,1,0
daily,1,0
daisies,1,0
daisy,1,0
dakotathere,1,0
damn,1,0
dan,1,0
dances,1,0
dancing,1,0
daniel,1,0
danny,1,0
darkness,1,0
darlin,1,0
darn,1,0
darning,1,0
dave,1,0
dawn,1,0
daymatt,1,0
deceive,1,0
decide,1,0
declare,1,0
delay,1,0
demonstrate,1,0
denied,1,0
deny,1,0
department,1,0
des,1,0
desert,1,0
desire,1,0
dessert,1,0
determined,1,0
deva,1,0
devil,1,0
dew,1,0
diamonds,1,0
dies,1,0
digging,1,0
diller,1,0
direction,1,0
disappearing,1,0
disappointment,1,0
disconnect,1,0
discreetly,1,0
disease,1,0
diverted,1,0
dj,1,0
dock,1,0
dog's,1,0
doggone,1,0
donated,1,0
doors,1,0
doris,1,0
dose,1,0
doubted,1,0
dove,1,0
downstairs,1,0
downstream,1,0
dragged,1,0
drank,1,0
dreadful,1,0
dreaming,1,0
dresses,1,0
dressing,1,0
drew,1,0
drift,1,0
drifting,1,0
dripping,1,0
drove,1,0
duchess,1,0
ducked,1,0
duke,1,0
duteous,1,0
dylan's,1,0
eagle,1,0
earl,1,0
earn,1,0
earned,1,0
ease,1,0
eating,1,0
edgar,1,0
edison,1,0
edmund,1,0
ehappy,1,0
eiffel,1,0
eleanor,1,0
elementary,1,0
elephant,1,0
elephants,1,0
endear,1,0
endless,1,0
ene,1,0
engaged,1,0
engine,1,0
england,1,0
enjoy,1,0
enjoyed,1,0
equal,1,0
equipped,1,0
escaping,1,0
evermore,1,0
existence,1,0
expert,1,0
eyeball,1,0
faded,1,0
falling,1,0
famous,1,0
fancy,1,0
fanque's,1,0
fare,1,0
farm,1,0
faster,1,0
fate,1,0
fbi,1,0
fears,1,0
feat,1,0
fed,1,0
fiddle,1,0
field,1,0
fifteen,1,0
fight,1,0
fighting,1,0
filter,1,0
findst,1,0
fingertips,1,0
fireside,1,0
fish,1,0
fishwife,1,0
flew,1,0
flight,1,0
flirt,1,0
floor,1,0
flown,1,0
fog,1,0
foolish,1,0
fools,1,0
football,1,0
forgive,1,0
forks,1,0
form,1,0
fountain,1,0
fragrant,1,0
france,1,0
frantic,1,0
freely,1,0
fucking,1,0
fudge,1,0
fussing,1,0
gain,1,0
gallery,1,0
games,1,0
garters,1,0
gas,1,0
gather,1,0
gear,1,0
gee,1,0
georgia,1,0
georgia's,1,0
getter,1,0
gibraltar,1,0
gideon,1,0
gideon's,1,0
gin,1,0
ginger,1,0
girl's,1,0
girlfriend,1,0
git,1,0
glimmering,1,0
gloucester,1,0
glow,1,0
goodbyes,1,0
gown,1,0
grabbed,1,0
grade,1,0
grandchildren,1,0
grave,1,0
greet,1,0
grinning,1,0
groovin,1,0
guilty,1,0
gum,1,0
gumboot,1,0
guru,1,0
gurus,1,0
habit,1,0
haired,1,0
hall,1,0
handkerchief,1,0
handy,1,0
hanging,1,0
hare,1,0
harmony,1,0
hat,1,0
hates,1,0
haze,1,0
headed,1,0
heading,1,0
heads,1,0
health,1,0
hearing,1,0
hears,1,0
heat,1,0
heath,1,0
hell,1,0
helping,1,0
helps,1,0
helter,1,0
henry,1,0
hiding,1,0
hills,1,0
hilt,1,0
hilton,1,0
hobnail,1,0
hoe,1,0
hog,1,0
hogshead,1,0
holiday,1,0
holland,1,0
holy,1,0
honeymooning,1,0
hoop,1,0
hoops,1,0
hoped,1,0
horses,1,0
hourglass,1,0
hugs,1,0
hula,1,0
hunting,1,0
hurricane,1,0
hurting,1,0
husband,1,0
icould,1,0
ignorance,1,0
illusion,1,0
images,1,0
imagined,1,0
imperfect,1,0
impression,1,0
imprisoned,1,0
inciting,1,0
incredibly,1,0
independence,1,0
innocence,1,0
inquire,1,0
insecure,1,0
inspiration,1,0
intro,1,0
inverted,1,0
investigation,1,0
invitation,1,0
invitations,1,0
inviting,1,0
iron,1,0
isle,1,0
jack,1,0
jackboots,1,0
jai,1,0
jam,1,0
jamboree,1,0
jar,1,0
jay,1,0
jazz,1,0
jeweler's,1,0
joa,1,0
joan,1,0
jobber,1,0
jockey,1,0
joint,1,0
jubilee,1,0
jumped,1,0
jungle,1,0
junior,1,0
junior's,1,0
kansas,1,0
kick,1,0
kicking,1,0
kid,1,0
kids,1,0
killer,1,0
kilt,1,0
kindly,1,0
kindness,1,0
kircaldy,1,0
kissin,1,0
kissing,1,0
knickers,1,0
knife,1,0
knit,1,0
knives,1,0
knocking,1,0
kperforms,1,0
krishna,1,0
l.a,1,0
lacking,1,0
lagoon,1,0
laid,1,0
lancashire,1,0
lark,1,0
lasted,1,0
lastly,1,0
lasts,1,0
latches,1,0
laughing,1,0
laughs,1,0
laughter,1,0
laundromat,1,0
lay,1,0
lear,1,0
learning,1,0
leaves,1,0
leg,1,0
legend,1,0
legs,1,0
leisure,1,0
lemonade,1,0
lends,1,0
licks,1,0
lifting,1,0
lighten,1,0
lightning,1,0
likes,1,0
lil,1,0
lime,1,0
limitless,1,0
limousine,1,0
line's,1,0
linger,1,0
lingers,1,0
lip,1,0
listens,1,0
lit,1,0
liverpool,1,0
livin,1,0
lizard,1,0
load,1,0
location,1,0
lock,1,0
log,1,0
london,1,0
loner,1,0
lookin,1,0
lords,1,0
loser,1,0
losing,1,0
lots,1,0
luck,1,0
m'bop,1,0
machine,1,0
madam,1,0
madly,1,0
magazine,1,0
magill,1,0
majesty's,1,0
majoring,1,0
mama's,1,0
mambo,1,0
mantel,1,0
marigold,1,0
marmalade,1,0
married,1,0
marshmallow,1,0
martha,1,0
martin,1,0
marvel,1,0
mask,1,0
match,1,0
mattered,1,0
max,1,0
meadows,1,0
meander,1,0
meaningless,1,0
medicine,1,0
melody,1,0
melting,1,0
mess,1,0
message,1,0
messrs,1,0
miami,1,0
mighty,1,0
military,1,0
mining,1,0
mirrors,1,0
misplace,1,0
misses,1,0
mist,1,0
mistress,1,0
misunderstanding,1,0
misunderstood,1,0
mmmhm,1,0
moan'cause,1,0
modern,1,0
mojo,1,0
moments,1,0
monday's,1,0
money's,1,0
montelimar,1,0
mood,1,0
mornings,1,0
moscow,1,0
motor,1,0
motorcar,1,0
mots,1,0
mountain,1,0
mountains,1,0
mourn,1,0
moved,1,0
movement,1,0
moves,1,0
muddy,1,0
multicoloured,1,0
mum,1,0
mustard,1,0
nancy,1,0
nasty,1,0
natural,1,0
naturally,1,0
nature's,1,0
nay,1,0
need's,1,0
negotiations,1,0
neighbor's,1,0
neighborhood,1,0
nighttime,1,0
noise,1,0
north,1,0
norwegian,1,0
nose,1,0
nun,1,0
nurse,1,0
o.kyou,1,0
oan,1,0
obscene,1,0
obut,1,0
ole,1,0
omnothing's,1,0
one's,1,0
onion,1,0
ono,1,0
opaque,1,0
orange,1,0
oscar,1,0
oughta,1,0
overtime,1,0
ow,1,0
owned,1,0
p.s,1,0
pablo,1,0
pages,1,0
paid,1,0
pane,1,0
papers,1,0
parking,1,0
parlour,1,0
partner,1,0
passed,1,0
pataphysical,1,0
patiently,1,0
paul,1,0
peaches,1,0
peaked,1,0
peanuts,1,0
peep,1,0
penguin,1,0
pennies,1,0
pepper,1,0
percent,1,0
perform,1,0
performs,1,0
perverted,1,0
peter,1,0
photograph,1,0
photographs,1,0
picking,1,0
piece,1,0
pilchard,1,0
pillow,1,0
pineapple,1,0
pink,1,0
plain,1,0
plainly,1,0
planned,1,0
plans,1,0
plasticine,1,0
played,1,0
playroom,1,0
pleasing,1,0
pneumonia,1,0
pocket,1,0
poe,1,0
police,1,0
policemen,1,0
pony,1,0
pool,1,0
pools,1,0
poop,1,0
poppies,1,0
pornographic,1,0
porters,1,0
portrait,1,0
position,1,0
possessing,1,0
possessions,1,0
postcard,1,0
postcards,1,0
pounds,1,0
precisely,1,0
preparation,1,0
press,1,0
priestess,1,0
prized,1,0
proceeded,1,0
promises,1,0
prospects,1,0
protected,1,0
proud,1,0
prudence,1,0
public,1,0
puppy,1,0
purse,1,0
quarter,1,0
queue,1,0
qui,1,0
quietly,1,0
quizzical,1,0
railman,1,0
raincoats,1,0
rainy,1,0
raise,1,0
raleigh,1,0
reach,1,0
recall,1,0
record,1,0
rectify,1,0
refrain,1,0
refuse,1,0
rehearsing,1,0
reject,1,0
relax,1,0
remain,1,0
replacing,1,0
reservation,1,0
resign,1,0
resting,1,0
restless,1,0
returned,1,0
revival,1,0
revue,1,0
rice,1,0
rich,1,0
ride'til,1,0
rigby,1,0
rights,1,0
rising,1,0
risk,1,0
river,1,0
roam,1,0
rob,1,0
robert,1,0
rocky's,1,0
rope,1,0
rose,1,0
roses,1,0
roundabout,1,0
rug,1,0
ruin,1,0
ruins,1,0
runs,1,0
rushes,1,0
sacrificed,1,0
sailing,1,0
sake,1,0
saloon,1,0
sang,1,0
sat,1,0
satisfaction,1,0
sauce,1,0
sax,1,0
saxon,1,0
scarlet,1,0
sce,1,0
science,1,0
scratch,1,0
screaming,1,0
screw,1,0
scrimp,1,0
seance,1,0
seashell,1,0
seat,1,0
seek,1,0
seeking,1,0
seine,1,0
selling,1,0
semolina,1,0
sergeant,1,0
serviceable,1,0
shades,1,0
shadow,1,0
shady,1,0
shears,1,0
sheepdog,1,0
shelf,1,0
shelter,1,0
shimmering,1,0
ship,1,0
shirt,1,0
shoe,1,0
shoes,1,0
shoeshine,1,0
shook,1,0
shoulders,1,0
shouts,1,0
showdown,1,0
shown,1,0
sideboard,1,0
silent,1,0
silently,1,0
sincere,1,0
sincerely,1,0
singer's,1,0
sings,1,0
sins,1,0
sip,1,0
sits,1,0
situation,1,0
sixty,1,0
skelter,1,0
skip,1,0
skirts,1,0
sleepy,1,0
slept,1,0
slide,1,0
sling,1,0
slither,1,0
slumbers,1,0
smile's,1,0
smiling,1,0
smoke,1,0
smokers,1,0
snide,1,0
snores,1,0
snow,1,0
soap,1,0
sofa,1,0
soft,1,0
sold,1,0
solid,1,0
solitude,1,0
solo,1,0
someone's,1,0
somersets,1,0
sont,1,0
soothing,1,0
sounds,1,0
sour,1,0
southampton,1,0
space,1,0
spain,1,0
spaniel,1,0
specially,1,0
speed,1,0
spending,1,0
spent,1,0
spinal,1,0
spite,1,0
splendid,1,0
split,1,0
spoke,1,0
spoon,1,0
starched,1,0
stared,1,0
staring,1,0
starts,1,0
stating,1,0
stays,1,0
steal,1,0
stealing,1,0
stick,1,0
sties,1,0
stinking,1,0
stirring,1,0
stockings,1,0
stone,1,0
stoney,1,0
stood,1,0
store,1,0
storm,1,0
straight,1,0
stretches,1,0
struggled,1,0
studied,1,0
sty,1,0
submarines,1,0
suburban,1,0
succeed,1,0
success,1,0
sucks,1,0
suede,1,0
suitcase,1,0
sung,1,0
sunken,1,0
suns,1,0
superior,1,0
supposed,1,0
surely,1,0
surrender,1,0
swaying,1,0
sweat,1,0
sweater,1,0
sweaty,1,0
sweeping,1,0
swim,1,0
swing,1,0
sympathize,1,0
symphony,1,0
tacks,1,0
tail,1,0
talked,1,0
tan,1,0
tango,1,0
tantalize,1,0
tart,1,0
tasting,1,0
taxis,1,0
tchaikovsky,1,0
teacher's,1,0
teachers,1,0
teaser,1,0
temperature's,1,0
test,1,0
testimonial,1,0
textpert,1,0
thankful,1,0
thee,1,0
thin,1,0
thinkin,1,0
thoughtless,1,0
thoughtlessly,1,0
thrive,1,0
thumb,1,0
thursday,1,0
thy,1,0
tie,1,0
ties,1,0
tighter,1,0
toes,1,0
topping,1,0
touched,1,0
tow,1,0
tower,1,0
towering,1,0
tracks,1,0
trade,1,0
tragic,1,0
trampoline,1,0
traveled,1,0
tray,1,0
treasure,1,0
trees,1,0
tricks,1,0
trifle,1,0
trigger,1,0
trim,1,0
tripper,1,0
trivialities,1,0
trolley,1,0
trouble,1,0
troubles,1,0
tube,1,0
tucson,1,0
tulips,1,0
tumble,1,0
tuned,1,0
turnstile,1,0
twelve,1,0
u.s.a,1,0
u.s.s.ryou,1,0
ukraine,1,0
understand'cause,1,0
undertake,1,0
undying,1,0
unfold,1,0
unhappy,1,0
unpack,1,0
unpleasant,1,0
untimely,1,0
unwise,1,0
upstairs,1,0
uptown,1,0
valentine,1,0
valerie,1,0
van,1,0
vanish,1,0
velvet,1,0
vera,1,0
verse,1,0
vices,1,0
vienna,1,0
voice,1,0
void,1,0
vont,1,0
wah,1,0
wahoo,1,0
wailin,1,0
waited,1,0
wakes,1,0
walks,1,0
walter,1,0
waltz,1,0
wanders,1,0
war,1,0
warnin'he,1,0
warning,1,0
washed,1,0
water,1,0
waters,1,0
wave,1,0
weak,1,0
weather,1,0
weather's,1,0
weaving,1,0
wedding,1,0
weeds,1,0
weeks,1,0
weep,1,0
weigh,1,0
west,1,0
wet,1,0
whacking,1,0
whim,1,0
who'll,1,0
wicked,1,0
wiggles,1,0
wight,1,0
wigwam,1,0
wild,1,0
wildly,1,0
wilson,1,0
wilt,1,0
winging,1,0
wings,1,0
winter,1,0
wipe,1,0
wiping,1,0
wisdom,1,0
wives,1,0
women,1,0
wood,1,0
wooden,1,0
wooo,1,0
woooooh,1,0
woos,1,0
worries,1,0
worrying,1,0
wow,1,0
wrote,1,0
ya,1,0
yard,1,0
yawning,1,0
yeeeah,1,0
yourself'cause,1,0
zapped,1,0